,video_name,fps
0,IRBA_extrait_1.mp4,24.971538203574887
0,IRBA_extrait_1.mp4,24.971538203574887
0,IRBA_extrait_1.mp4,24.971538203574887
0,IRBA_extrait_1.mp4,24.971538203574887
