,video_name,fps,frame_count
0,DESFAM_Semaine 2-Vendredi_Go-NoGo_H69,29.9600995886699,34661.0
0,DESFAM_Semaine 2-Vendredi_Go-NoGo_H71,24.970918454496903,28454.0
0,DESFAM_Semaine 2-Vendredi_Go-NoGo_H71,24.970918454496903,28454.0
0,DESFAM_Semaine 2-Vendredi_PVT_H63,24.975024975024976,30390.0
0,DESFAM_Semaine 2-Vendredi_PVT_H64,24.96962787501452,30435.0
0,DESFAM_Semaine 2-Vendredi_PVT_H66,24.969356087972432,30498.0
0,DESFAM_Semaine 2-Vendredi_PVT_H68,29.960101271060218,36147.0
