,video_name,fps
0,DESFAM_Semaine-2-Vendredi_Go-NoGo_H64,24.970661089472163
1,DESFAM_Semaine-2-Vendredi_Go-NoGo_H69,29.9600995886699
2,yawning_test_trim,30.0
3,yawning_test,23.9760245620074
4,DESFAM_Semaine-2-Vendredi_Go-NoGo_H71,24.970918454496903
5,DESFAM_Semaine 2-Vendredi_PVT_H63_hog,24.975024975024976
6,DESFAM_Semaine-2-Vendredi_PVT_H64_hog,24.96962787501452
7,DESFAM_Semaine-2-Vendredi_PVT_H66_hog,24.969356087972432
8,df_merge_pvt,24.969356087972432
9,DESFAM_Semaine 2-Vendredi_PVT_H70,24.97073207858255
10,df_merge_08_49_03_02_2021,24.969356087972432
0,df_merge_09_04_03_02_2021,24.96962787501452
0,df_merge_09_21_03_02_2021,24.96962787501452
0,df_merge_09_26_03_02_2021,24.96962787501452
